Driver,LapNumber,LapTime,Compound,TyreLife,Stint,Sector1Time,Sector2Time,Sector3Time,Year,Event,Round
VER,2.0,93.433,MEDIUM,2.0,1.0,29.616,38.0,25.817,2023,British Grand Prix,10
VER,3.0,92.73,MEDIUM,3.0,1.0,29.38,37.69,25.66,2023,British Grand Prix,10
VER,4.0,92.78,MEDIUM,4.0,1.0,29.407,37.65,25.723,2023,British Grand Prix,10
VER,5.0,92.582,MEDIUM,5.0,1.0,29.338,37.403,25.841,2023,British Grand Prix,10
VER,6.0,93.027,MEDIUM,6.0,1.0,29.667,37.543,25.817,2023,British Grand Prix,10
VER,7.0,93.1,MEDIUM,7.0,1.0,29.726,37.612,25.762,2023,British Grand Prix,10
VER,8.0,92.884,MEDIUM,8.0,1.0,29.625,37.578,25.681,2023,British Grand Prix,10
VER,9.0,92.822,MEDIUM,9.0,1.0,29.78,37.489,25.553,2023,British Grand Prix,10
VER,10.0,92.594,MEDIUM,10.0,1.0,29.66,37.373,25.561,2023,British Grand Prix,10
VER,11.0,92.597,MEDIUM,11.0,1.0,29.586,37.463,25.548,2023,British Grand Prix,10
VER,12.0,92.687,MEDIUM,12.0,1.0,29.742,37.389,25.556,2023,British Grand Prix,10
VER,13.0,92.678,MEDIUM,13.0,1.0,29.703,37.319,25.656,2023,British Grand Prix,10
VER,14.0,93.046,MEDIUM,14.0,1.0,30.031,37.422,25.593,2023,British Grand Prix,10
VER,15.0,92.99,MEDIUM,15.0,1.0,29.96,37.469,25.561,2023,British Grand Prix,10
VER,16.0,92.808,MEDIUM,16.0,1.0,29.914,37.373,25.521,2023,British Grand Prix,10
VER,17.0,92.603,MEDIUM,17.0,1.0,29.803,37.276,25.524,2023,British Grand Prix,10
VER,18.0,92.507,MEDIUM,18.0,1.0,29.877,37.283,25.347,2023,British Grand Prix,10
VER,19.0,92.338,MEDIUM,19.0,1.0,29.799,37.24,25.299,2023,British Grand Prix,10
VER,20.0,92.295,MEDIUM,20.0,1.0,29.772,37.273,25.25,2023,British Grand Prix,10
VER,21.0,92.494,MEDIUM,21.0,1.0,29.903,37.239,25.352,2023,British Grand Prix,10
VER,22.0,92.184,MEDIUM,22.0,1.0,29.664,37.134,25.386,2023,British Grand Prix,10
VER,23.0,92.272,MEDIUM,23.0,1.0,29.759,37.172,25.341,2023,British Grand Prix,10
VER,24.0,92.35,MEDIUM,24.0,1.0,29.872,37.108,25.37,2023,British Grand Prix,10
VER,25.0,92.295,MEDIUM,25.0,1.0,29.912,37.183,25.2,2023,British Grand Prix,10
VER,26.0,92.276,MEDIUM,26.0,1.0,29.752,37.242,25.282,2023,British Grand Prix,10
VER,27.0,92.138,MEDIUM,27.0,1.0,29.668,37.223,25.247,2023,British Grand Prix,10
VER,28.0,92.215,MEDIUM,28.0,1.0,29.826,37.244,25.145,2023,British Grand Prix,10
VER,29.0,92.251,MEDIUM,29.0,1.0,29.871,37.266,25.114,2023,British Grand Prix,10
VER,30.0,92.363,MEDIUM,30.0,1.0,29.844,37.229,25.29,2023,British Grand Prix,10
VER,31.0,92.388,MEDIUM,31.0,1.0,29.905,37.23,25.253,2023,British Grand Prix,10
VER,32.0,92.21,MEDIUM,32.0,1.0,29.879,37.136,25.195,2023,British Grand Prix,10
VER,39.0,90.348,SOFT,9.0,2.0,28.668,36.724,24.956,2023,British Grand Prix,10
VER,40.0,90.547,SOFT,10.0,2.0,29.056,36.602,24.889,2023,British Grand Prix,10
VER,41.0,90.688,SOFT,11.0,2.0,29.118,36.63,24.94,2023,British Grand Prix,10
VER,42.0,90.275,SOFT,12.0,2.0,29.078,36.353,24.844,2023,British Grand Prix,10
VER,43.0,90.535,SOFT,13.0,2.0,29.205,36.344,24.986,2023,British Grand Prix,10
VER,44.0,90.648,SOFT,14.0,2.0,29.135,36.586,24.927,2023,British Grand Prix,10
VER,45.0,91.342,SOFT,15.0,2.0,29.245,36.759,25.338,2023,British Grand Prix,10
VER,46.0,91.114,SOFT,16.0,2.0,29.413,36.576,25.125,2023,British Grand Prix,10
VER,47.0,91.148,SOFT,17.0,2.0,29.339,36.621,25.188,2023,British Grand Prix,10
VER,48.0,91.4,SOFT,18.0,2.0,29.405,36.769,25.226,2023,British Grand Prix,10
VER,49.0,91.218,SOFT,19.0,2.0,29.336,36.686,25.196,2023,British Grand Prix,10
VER,50.0,91.292,SOFT,20.0,2.0,29.424,36.739,25.129,2023,British Grand Prix,10
VER,51.0,91.397,SOFT,21.0,2.0,29.4,36.701,25.296,2023,British Grand Prix,10
VER,52.0,90.975,SOFT,22.0,2.0,29.22,36.604,25.151,2023,British Grand Prix,10
GAS,2.0,94.706,MEDIUM,2.0,1.0,29.954,38.367,26.385,2023,British Grand Prix,10
GAS,3.0,93.605,MEDIUM,3.0,1.0,29.596,38.168,25.841,2023,British Grand Prix,10
GAS,4.0,93.349,MEDIUM,4.0,1.0,29.492,38.086,25.771,2023,British Grand Prix,10
GAS,5.0,93.863,MEDIUM,5.0,1.0,29.566,38.12,26.177,2023,British Grand Prix,10
GAS,6.0,94.143,MEDIUM,6.0,1.0,29.697,38.381,26.065,2023,British Grand Prix,10
GAS,7.0,94.399,MEDIUM,7.0,1.0,29.916,38.456,26.027,2023,British Grand Prix,10
GAS,8.0,93.905,MEDIUM,8.0,1.0,29.751,38.006,26.148,2023,British Grand Prix,10
GAS,9.0,93.592,MEDIUM,9.0,1.0,29.741,37.85,26.001,2023,British Grand Prix,10
GAS,10.0,93.855,MEDIUM,10.0,1.0,29.747,37.908,26.2,2023,British Grand Prix,10
GAS,11.0,93.836,MEDIUM,11.0,1.0,29.877,37.962,25.997,2023,British Grand Prix,10
GAS,12.0,93.705,MEDIUM,12.0,1.0,29.806,37.902,25.997,2023,British Grand Prix,10
GAS,13.0,93.683,MEDIUM,13.0,1.0,29.79,37.925,25.968,2023,British Grand Prix,10
GAS,14.0,93.843,MEDIUM,14.0,1.0,29.922,38.058,25.863,2023,British Grand Prix,10
GAS,15.0,93.769,MEDIUM,15.0,1.0,29.671,38.183,25.915,2023,British Grand Prix,10
GAS,16.0,93.535,MEDIUM,16.0,1.0,29.712,37.938,25.885,2023,British Grand Prix,10
GAS,17.0,93.138,MEDIUM,17.0,1.0,29.79,37.516,25.832,2023,British Grand Prix,10
GAS,18.0,93.291,MEDIUM,18.0,1.0,29.817,37.714,25.76,2023,British Grand Prix,10
GAS,19.0,93.199,MEDIUM,19.0,1.0,29.589,37.892,25.718,2023,British Grand Prix,10
GAS,20.0,93.248,MEDIUM,20.0,1.0,29.99,37.599,25.659,2023,British Grand Prix,10
GAS,21.0,93.098,MEDIUM,21.0,1.0,29.88,37.487,25.731,2023,British Grand Prix,10
GAS,22.0,93.168,MEDIUM,22.0,1.0,29.877,37.485,25.806,2023,British Grand Prix,10
GAS,23.0,92.846,MEDIUM,23.0,1.0,29.697,37.419,25.73,2023,British Grand Prix,10
GAS,24.0,93.164,MEDIUM,24.0,1.0,29.923,37.606,25.635,2023,British Grand Prix,10
GAS,25.0,93.098,MEDIUM,25.0,1.0,29.868,37.665,25.565,2023,British Grand Prix,10
GAS,26.0,93.243,MEDIUM,26.0,1.0,29.779,37.709,25.755,2023,British Grand Prix,10
GAS,27.0,92.988,MEDIUM,27.0,1.0,30.009,37.485,25.494,2023,British Grand Prix,10
GAS,28.0,93.255,MEDIUM,28.0,1.0,29.97,37.39,25.895,2023,British Grand Prix,10
GAS,29.0,93.283,MEDIUM,29.0,1.0,29.986,37.573,25.724,2023,British Grand Prix,10
GAS,30.0,93.299,MEDIUM,30.0,1.0,30.065,37.476,25.758,2023,British Grand Prix,10
GAS,31.0,93.391,MEDIUM,31.0,1.0,30.099,37.532,25.76,2023,British Grand Prix,10
GAS,39.0,92.98,SOFT,11.0,2.0,29.367,37.504,26.109,2023,British Grand Prix,10
GAS,40.0,92.823,SOFT,12.0,2.0,29.676,37.533,25.614,2023,British Grand Prix,10
GAS,41.0,91.827,SOFT,13.0,2.0,29.302,37.232,25.293,2023,British Grand Prix,10
GAS,42.0,91.539,SOFT,14.0,2.0,29.165,37.137,25.237,2023,British Grand Prix,10
GAS,43.0,91.648,SOFT,15.0,2.0,29.324,36.888,25.436,2023,British Grand Prix,10
GAS,44.0,92.862,SOFT,16.0,2.0,29.35,37.864,25.648,2023,British Grand Prix,10
GAS,45.0,96.665,SOFT,17.0,2.0,29.202,37.933,29.53,2023,British Grand Prix,10
PER,2.0,95.482,MEDIUM,2.0,1.0,30.357,38.727,26.398,2023,British Grand Prix,10
PER,3.0,94.38,MEDIUM,3.0,1.0,30.134,38.414,25.832,2023,British Grand Prix,10
PER,4.0,94.339,MEDIUM,4.0,1.0,29.668,38.564,26.107,2023,British Grand Prix,10
PER,5.0,94.073,MEDIUM,5.0,1.0,29.706,38.28,26.087,2023,British Grand Prix,10
PER,6.0,93.671,MEDIUM,6.0,1.0,29.579,38.359,25.733,2023,British Grand Prix,10
PER,7.0,93.919,MEDIUM,7.0,1.0,29.883,38.065,25.971,2023,British Grand Prix,10
PER,8.0,93.568,MEDIUM,8.0,1.0,29.897,37.909,25.762,2023,British Grand Prix,10
PER,9.0,93.271,MEDIUM,9.0,1.0,29.541,37.868,25.862,2023,British Grand Prix,10
PER,10.0,93.364,MEDIUM,10.0,1.0,29.769,37.805,25.79,2023,British Grand Prix,10
PER,11.0,93.547,MEDIUM,11.0,1.0,29.769,37.845,25.933,2023,British Grand Prix,10
PER,12.0,93.429,MEDIUM,12.0,1.0,29.824,38.0,25.605,2023,British Grand Prix,10
PER,13.0,93.452,MEDIUM,13.0,1.0,29.892,37.777,25.783,2023,British Grand Prix,10
PER,14.0,93.751,MEDIUM,14.0,1.0,30.06,37.957,25.734,2023,British Grand Prix,10
PER,15.0,93.48,MEDIUM,15.0,1.0,29.808,37.868,25.804,2023,British Grand Prix,10
PER,16.0,93.055,MEDIUM,16.0,1.0,29.795,37.899,25.361,2023,British Grand Prix,10
PER,17.0,93.28,MEDIUM,17.0,1.0,30.009,37.544,25.727,2023,British Grand Prix,10
PER,18.0,93.099,MEDIUM,18.0,1.0,29.904,37.549,25.646,2023,British Grand Prix,10
PER,19.0,93.276,MEDIUM,19.0,1.0,30.001,37.54,25.735,2023,British Grand Prix,10
PER,20.0,93.202,MEDIUM,20.0,1.0,29.931,37.611,25.66,2023,British Grand Prix,10
PER,21.0,93.233,MEDIUM,21.0,1.0,29.985,37.612,25.636,2023,British Grand Prix,10
PER,22.0,93.026,MEDIUM,22.0,1.0,30.023,37.422,25.581,2023,British Grand Prix,10
PER,23.0,93.262,MEDIUM,23.0,1.0,30.067,37.554,25.641,2023,British Grand Prix,10
PER,24.0,92.726,MEDIUM,24.0,1.0,29.884,37.353,25.489,2023,British Grand Prix,10
PER,25.0,92.907,MEDIUM,25.0,1.0,29.9,37.539,25.468,2023,British Grand Prix,10
PER,26.0,92.962,MEDIUM,26.0,1.0,29.956,37.492,25.514,2023,British Grand Prix,10
PER,27.0,92.742,MEDIUM,27.0,1.0,30.002,37.472,25.268,2023,British Grand Prix,10
PER,28.0,92.235,MEDIUM,28.0,1.0,29.82,37.427,24.988,2023,British Grand Prix,10
PER,30.0,91.408,SOFT,2.0,2.0,29.472,36.72,25.216,2023,British Grand Prix,10
PER,31.0,91.532,SOFT,3.0,2.0,29.571,36.796,25.165,2023,British Grand Prix,10
PER,32.0,104.38,SOFT,4.0,2.0,29.591,36.928,37.861,2023,British Grand Prix,10
PER,39.0,92.503,SOFT,11.0,2.0,29.361,37.509,25.633,2023,British Grand Prix,10
PER,40.0,91.909,SOFT,12.0,2.0,29.446,36.993,25.47,2023,British Grand Prix,10
PER,41.0,91.391,SOFT,13.0,2.0,29.132,36.985,25.274,2023,British Grand Prix,10
PER,42.0,91.716,SOFT,14.0,2.0,29.184,37.07,25.462,2023,British Grand Prix,10
PER,43.0,92.005,SOFT,15.0,2.0,29.171,37.002,25.832,2023,British Grand Prix,10
PER,44.0,91.712,SOFT,16.0,2.0,29.383,36.961,25.368,2023,British Grand Prix,10
PER,45.0,91.571,SOFT,17.0,2.0,29.104,36.891,25.576,2023,British Grand Prix,10
PER,46.0,91.675,SOFT,18.0,2.0,29.205,37.263,25.207,2023,British Grand Prix,10
PER,47.0,91.505,SOFT,19.0,2.0,29.226,36.941,25.338,2023,British Grand Prix,10
PER,48.0,91.209,SOFT,20.0,2.0,29.269,36.799,25.141,2023,British Grand Prix,10
PER,49.0,91.36,SOFT,21.0,2.0,29.306,36.858,25.196,2023,British Grand Prix,10
PER,50.0,91.139,SOFT,22.0,2.0,29.215,36.714,25.21,2023,British Grand Prix,10
PER,51.0,90.914,SOFT,23.0,2.0,29.181,36.719,25.014,2023,British Grand Prix,10
PER,52.0,91.188,SOFT,24.0,2.0,29.16,36.809,25.219,2023,British Grand Prix,10
ALO,2.0,94.419,MEDIUM,3.0,1.0,30.019,38.184,26.216,2023,British Grand Prix,10
ALO,3.0,93.424,MEDIUM,4.0,1.0,29.461,38.136,25.827,2023,British Grand Prix,10
ALO,4.0,93.156,MEDIUM,5.0,1.0,29.311,37.956,25.889,2023,British Grand Prix,10
ALO,5.0,94.157,MEDIUM,6.0,1.0,29.7,38.245,26.212,2023,British Grand Prix,10
ALO,6.0,94.636,MEDIUM,7.0,1.0,29.935,38.452,26.249,2023,British Grand Prix,10
ALO,7.0,94.645,MEDIUM,8.0,1.0,29.904,38.838,25.903,2023,British Grand Prix,10
ALO,8.0,94.019,MEDIUM,9.0,1.0,29.808,38.063,26.148,2023,British Grand Prix,10
ALO,9.0,93.657,MEDIUM,10.0,1.0,29.725,37.858,26.074,2023,British Grand Prix,10
ALO,10.0,93.711,MEDIUM,11.0,1.0,29.682,37.85,26.179,2023,British Grand Prix,10
ALO,11.0,93.737,MEDIUM,12.0,1.0,29.728,37.938,26.071,2023,British Grand Prix,10
ALO,12.0,93.951,MEDIUM,13.0,1.0,29.945,37.914,26.092,2023,British Grand Prix,10
ALO,13.0,93.565,MEDIUM,14.0,1.0,29.782,37.746,26.037,2023,British Grand Prix,10
ALO,14.0,93.88,MEDIUM,15.0,1.0,29.998,37.888,25.994,2023,British Grand Prix,10
ALO,15.0,93.736,MEDIUM,16.0,1.0,29.935,37.836,25.965,2023,British Grand Prix,10
ALO,16.0,93.437,MEDIUM,17.0,1.0,29.883,37.682,25.872,2023,British Grand Prix,10
ALO,17.0,93.188,MEDIUM,18.0,1.0,29.839,37.445,25.904,2023,British Grand Prix,10
ALO,18.0,93.317,MEDIUM,19.0,1.0,29.918,37.584,25.815,2023,British Grand Prix,10
ALO,19.0,93.185,MEDIUM,20.0,1.0,29.909,37.553,25.723,2023,British Grand Prix,10
ALO,20.0,93.016,MEDIUM,21.0,1.0,29.725,37.534,25.757,2023,British Grand Prix,10
ALO,21.0,93.19,MEDIUM,22.0,1.0,29.899,37.508,25.783,2023,British Grand Prix,10
ALO,22.0,93.092,MEDIUM,23.0,1.0,29.805,37.487,25.8,2023,British Grand Prix,10
ALO,23.0,93.026,MEDIUM,24.0,1.0,29.727,37.577,25.722,2023,British Grand Prix,10
ALO,24.0,93.017,MEDIUM,25.0,1.0,29.916,37.416,25.685,2023,British Grand Prix,10
ALO,25.0,93.078,MEDIUM,26.0,1.0,29.773,37.637,25.668,2023,British Grand Prix,10
ALO,26.0,93.152,MEDIUM,27.0,1.0,29.82,37.724,25.608,2023,British Grand Prix,10
ALO,27.0,92.914,MEDIUM,28.0,1.0,29.825,37.593,25.496,2023,British Grand Prix,10
ALO,28.0,92.744,MEDIUM,29.0,1.0,29.672,37.545,25.527,2023,British Grand Prix,10
ALO,29.0,92.727,MEDIUM,30.0,1.0,29.803,37.454,25.47,2023,British Grand Prix,10
ALO,30.0,92.686,MEDIUM,31.0,1.0,29.735,37.458,25.493,2023,British Grand Prix,10
ALO,31.0,92.916,MEDIUM,32.0,1.0,29.818,37.416,25.682,2023,British Grand Prix,10
ALO,32.0,98.559,MEDIUM,33.0,1.0,29.731,37.467,31.361,2023,British Grand Prix,10
ALO,39.0,92.32,SOFT,9.0,2.0,29.309,37.273,25.738,2023,British Grand Prix,10
ALO,40.0,91.691,SOFT,10.0,2.0,29.268,37.03,25.393,2023,British Grand Prix,10
ALO,41.0,91.652,SOFT,11.0,2.0,29.164,37.087,25.401,2023,British Grand Prix,10
ALO,42.0,91.829,SOFT,12.0,2.0,29.264,37.063,25.502,2023,British Grand Prix,10
ALO,43.0,91.747,SOFT,13.0,2.0,29.351,36.95,25.446,2023,British Grand Prix,10
ALO,44.0,92.131,SOFT,14.0,2.0,29.444,37.102,25.585,2023,British Grand Prix,10
ALO,45.0,92.036,SOFT,15.0,2.0,29.361,37.053,25.622,2023,British Grand Prix,10
ALO,46.0,92.891,SOFT,16.0,2.0,29.365,37.132,26.394,2023,British Grand Prix,10
ALO,47.0,91.828,SOFT,17.0,2.0,29.292,37.162,25.374,2023,British Grand Prix,10
ALO,48.0,91.338,SOFT,18.0,2.0,29.103,36.926,25.309,2023,British Grand Prix,10
ALO,49.0,92.075,SOFT,19.0,2.0,29.414,37.105,25.556,2023,British Grand Prix,10
ALO,50.0,91.999,SOFT,20.0,2.0,29.339,37.108,25.552,2023,British Grand Prix,10
ALO,51.0,91.93,SOFT,21.0,2.0,29.321,37.031,25.578,2023,British Grand Prix,10
ALO,52.0,91.711,SOFT,22.0,2.0,29.243,36.974,25.494,2023,British Grand Prix,10
LEC,2.0,93.994,MEDIUM,2.0,1.0,29.616,38.175,26.203,2023,British Grand Prix,10
LEC,3.0,92.934,MEDIUM,3.0,1.0,29.544,37.782,25.608,2023,British Grand Prix,10
LEC,4.0,92.961,MEDIUM,4.0,1.0,29.43,37.794,25.737,2023,British Grand Prix,10
LEC,5.0,94.409,MEDIUM,5.0,1.0,29.912,38.013,26.484,2023,British Grand Prix,10
LEC,6.0,93.761,MEDIUM,6.0,1.0,29.929,37.848,25.984,2023,British Grand Prix,10
LEC,7.0,93.403,MEDIUM,7.0,1.0,29.706,37.814,25.883,2023,British Grand Prix,10
LEC,8.0,93.244,MEDIUM,8.0,1.0,29.749,37.691,25.804,2023,British Grand Prix,10
LEC,9.0,93.087,MEDIUM,9.0,1.0,29.728,37.743,25.616,2023,British Grand Prix,10
LEC,10.0,93.167,MEDIUM,10.0,1.0,29.678,37.716,25.773,2023,British Grand Prix,10
LEC,11.0,93.048,MEDIUM,11.0,1.0,29.64,37.667,25.741,2023,British Grand Prix,10
LEC,12.0,93.621,MEDIUM,12.0,1.0,30.025,37.742,25.854,2023,British Grand Prix,10
LEC,13.0,93.214,MEDIUM,13.0,1.0,29.752,37.585,25.877,2023,British Grand Prix,10
LEC,14.0,93.523,MEDIUM,14.0,1.0,30.064,37.758,25.701,2023,British Grand Prix,10
LEC,15.0,93.542,MEDIUM,15.0,1.0,30.096,37.661,25.785,2023,British Grand Prix,10
LEC,16.0,93.248,MEDIUM,16.0,1.0,29.94,37.627,25.681,2023,British Grand Prix,10
LEC,17.0,93.151,MEDIUM,17.0,1.0,29.878,37.442,25.831,2023,British Grand Prix,10
LEC,18.0,92.475,MEDIUM,18.0,1.0,29.986,37.571,24.918,2023,British Grand Prix,10
LEC,20.0,92.87,HARD,2.0,2.0,29.675,37.503,25.692,2023,British Grand Prix,10
LEC,21.0,92.848,HARD,3.0,2.0,29.603,37.559,25.686,2023,British Grand Prix,10
LEC,22.0,93.035,HARD,4.0,2.0,29.891,37.45,25.694,2023,British Grand Prix,10
LEC,23.0,92.554,HARD,5.0,2.0,29.606,37.36,25.588,2023,British Grand Prix,10
LEC,24.0,92.731,HARD,6.0,2.0,29.724,37.445,25.562,2023,British Grand Prix,10
LEC,25.0,92.798,HARD,7.0,2.0,29.611,37.691,25.496,2023,British Grand Prix,10
LEC,26.0,92.794,HARD,8.0,2.0,29.64,37.532,25.622,2023,British Grand Prix,10
LEC,27.0,92.942,HARD,9.0,2.0,29.733,37.534,25.675,2023,British Grand Prix,10
LEC,28.0,92.814,HARD,10.0,2.0,29.702,37.47,25.642,2023,British Grand Prix,10
LEC,29.0,92.658,HARD,11.0,2.0,29.765,37.441,25.452,2023,British Grand Prix,10
LEC,30.0,92.464,HARD,12.0,2.0,29.742,37.338,25.384,2023,British Grand Prix,10
LEC,31.0,93.233,HARD,13.0,2.0,29.602,37.965,25.666,2023,British Grand Prix,10
LEC,32.0,96.215,HARD,14.0,2.0,29.569,37.256,29.39,2023,British Grand Prix,10
LEC,39.0,92.5,MEDIUM,7.0,3.0,29.082,37.662,25.756,2023,British Grand Prix,10
LEC,40.0,92.234,MEDIUM,8.0,3.0,29.238,37.407,25.589,2023,British Grand Prix,10
LEC,41.0,91.286,MEDIUM,9.0,3.0,28.968,37.178,25.14,2023,British Grand Prix,10
LEC,42.0,91.926,MEDIUM,10.0,3.0,29.13,37.573,25.223,2023,British Grand Prix,10
LEC,43.0,92.052,MEDIUM,11.0,3.0,29.019,37.142,25.891,2023,British Grand Prix,10
LEC,44.0,92.815,MEDIUM,12.0,3.0,29.468,37.794,25.553,2023,British Grand Prix,10
LEC,45.0,91.9,MEDIUM,13.0,3.0,29.278,37.013,25.609,2023,British Grand Prix,10
LEC,46.0,91.85,MEDIUM,14.0,3.0,29.173,37.172,25.505,2023,British Grand Prix,10
LEC,47.0,91.36,MEDIUM,15.0,3.0,29.224,36.928,25.208,2023,British Grand Prix,10
LEC,48.0,91.255,MEDIUM,16.0,3.0,28.991,37.084,25.18,2023,British Grand Prix,10
LEC,49.0,91.781,MEDIUM,17.0,3.0,29.058,37.249,25.474,2023,British Grand Prix,10
LEC,50.0,91.716,MEDIUM,18.0,3.0,29.128,37.233,25.355,2023,British Grand Prix,10
LEC,51.0,91.763,MEDIUM,19.0,3.0,29.111,37.23,25.422,2023,British Grand Prix,10
LEC,52.0,92.257,MEDIUM,20.0,3.0,28.928,37.709,25.62,2023,British Grand Prix,10
STR,2.0,95.093,MEDIUM,3.0,1.0,29.989,38.71,26.394,2023,British Grand Prix,10
STR,3.0,94.021,MEDIUM,4.0,1.0,29.49,38.405,26.126,2023,British Grand Prix,10
STR,4.0,93.799,MEDIUM,5.0,1.0,29.69,38.119,25.99,2023,British Grand Prix,10
STR,5.0,93.856,MEDIUM,6.0,1.0,29.532,38.206,26.118,2023,British Grand Prix,10
STR,6.0,94.189,MEDIUM,7.0,1.0,29.648,38.454,26.087,2023,British Grand Prix,10
STR,7.0,94.115,MEDIUM,8.0,1.0,29.588,38.446,26.081,2023,British Grand Prix,10
STR,8.0,93.872,MEDIUM,9.0,1.0,29.584,38.328,25.96,2023,British Grand Prix,10
STR,9.0,93.871,MEDIUM,10.0,1.0,29.582,38.366,25.923,2023,British Grand Prix,10
STR,10.0,94.007,MEDIUM,11.0,1.0,29.65,38.414,25.943,2023,British Grand Prix,10
STR,11.0,94.198,MEDIUM,12.0,1.0,29.855,38.189,26.154,2023,British Grand Prix,10
STR,12.0,94.766,MEDIUM,13.0,1.0,29.869,38.065,26.832,2023,British Grand Prix,10
STR,13.0,94.308,MEDIUM,14.0,1.0,29.781,38.365,26.162,2023,British Grand Prix,10
STR,14.0,94.213,MEDIUM,15.0,1.0,30.095,38.077,26.041,2023,British Grand Prix,10
STR,15.0,93.931,MEDIUM,16.0,1.0,30.071,37.94,25.92,2023,British Grand Prix,10
STR,16.0,93.798,MEDIUM,17.0,1.0,29.908,37.909,25.981,2023,British Grand Prix,10
STR,17.0,93.651,MEDIUM,18.0,1.0,29.906,37.762,25.983,2023,British Grand Prix,10
STR,18.0,93.294,MEDIUM,19.0,1.0,29.768,37.691,25.835,2023,British Grand Prix,10
STR,19.0,93.338,MEDIUM,20.0,1.0,29.87,37.746,25.722,2023,British Grand Prix,10
STR,20.0,93.489,MEDIUM,21.0,1.0,29.85,37.782,25.857,2023,British Grand Prix,10
STR,21.0,93.498,MEDIUM,22.0,1.0,29.828,37.784,25.886,2023,British Grand Prix,10
STR,22.0,93.431,MEDIUM,23.0,1.0,29.888,37.713,25.83,2023,British Grand Prix,10
STR,23.0,93.114,MEDIUM,24.0,1.0,29.763,37.631,25.72,2023,British Grand Prix,10
STR,24.0,93.391,MEDIUM,25.0,1.0,29.89,37.686,25.815,2023,British Grand Prix,10
STR,25.0,94.28,MEDIUM,26.0,1.0,29.885,37.653,26.742,2023,British Grand Prix,10
STR,26.0,93.557,MEDIUM,27.0,1.0,29.741,37.957,25.859,2023,British Grand Prix,10
STR,27.0,93.237,MEDIUM,28.0,1.0,29.839,37.701,25.697,2023,British Grand Prix,10
STR,28.0,93.26,MEDIUM,29.0,1.0,29.666,37.797,25.797,2023,British Grand Prix,10
STR,29.0,93.702,MEDIUM,30.0,1.0,29.929,38.039,25.734,2023,British Grand Prix,10
STR,30.0,94.014,MEDIUM,31.0,1.0,30.059,38.192,25.763,2023,British Grand Prix,10
STR,31.0,92.933,MEDIUM,32.0,1.0,29.911,37.913,25.109,2023,British Grand Prix,10
STR,39.0,92.306,SOFT,11.0,2.0,29.349,37.348,25.609,2023,British Grand Prix,10
STR,40.0,92.32,SOFT,12.0,2.0,29.443,37.333,25.544,2023,British Grand Prix,10
STR,41.0,91.707,SOFT,13.0,2.0,29.491,36.951,25.265,2023,British Grand Prix,10
STR,42.0,91.508,SOFT,14.0,2.0,29.197,37.138,25.173,2023,British Grand Prix,10
STR,43.0,91.803,SOFT,15.0,2.0,29.088,37.192,25.523,2023,British Grand Prix,10
STR,44.0,94.01,SOFT,16.0,2.0,29.39,38.844,25.776,2023,British Grand Prix,10
STR,45.0,93.008,SOFT,17.0,2.0,29.387,37.641,25.98,2023,British Grand Prix,10
STR,46.0,91.998,SOFT,18.0,2.0,29.398,37.18,25.42,2023,British Grand Prix,10
STR,47.0,91.768,SOFT,19.0,2.0,29.171,37.071,25.526,2023,British Grand Prix,10
STR,48.0,91.745,SOFT,20.0,2.0,29.195,37.051,25.499,2023,British Grand Prix,10
STR,49.0,91.86,SOFT,21.0,2.0,29.245,37.173,25.442,2023,British Grand Prix,10
STR,50.0,91.794,SOFT,22.0,2.0,29.135,37.079,25.58,2023,British Grand Prix,10
STR,51.0,91.691,SOFT,23.0,2.0,29.185,37.032,25.474,2023,British Grand Prix,10
STR,52.0,92.138,SOFT,24.0,2.0,29.156,37.199,25.783,2023,British Grand Prix,10
SAR,2.0,96.266,MEDIUM,2.0,1.0,30.851,39.046,26.369,2023,British Grand Prix,10
SAR,3.0,94.577,MEDIUM,3.0,1.0,29.712,39.014,25.851,2023,British Grand Prix,10
SAR,4.0,94.332,MEDIUM,4.0,1.0,29.681,38.655,25.996,2023,British Grand Prix,10
SAR,5.0,94.842,MEDIUM,5.0,1.0,29.529,39.276,26.037,2023,British Grand Prix,10
SAR,6.0,94.356,MEDIUM,6.0,1.0,29.765,38.805,25.786,2023,British Grand Prix,10
SAR,7.0,94.581,MEDIUM,7.0,1.0,29.881,38.415,26.285,2023,British Grand Prix,10
SAR,8.0,94.108,MEDIUM,8.0,1.0,29.809,38.279,26.02,2023,British Grand Prix,10
SAR,9.0,93.94,MEDIUM,9.0,1.0,29.604,38.27,26.066,2023,British Grand Prix,10
SAR,10.0,94.31,MEDIUM,10.0,1.0,29.699,38.34,26.271,2023,British Grand Prix,10
SAR,11.0,93.925,MEDIUM,11.0,1.0,29.523,38.37,26.032,2023,British Grand Prix,10
SAR,12.0,94.239,MEDIUM,12.0,1.0,29.847,38.385,26.007,2023,British Grand Prix,10
SAR,13.0,94.329,MEDIUM,13.0,1.0,29.778,38.356,26.195,2023,British Grand Prix,10
SAR,14.0,93.683,MEDIUM,14.0,1.0,29.967,37.861,25.855,2023,British Grand Prix,10
SAR,15.0,94.123,MEDIUM,15.0,1.0,30.102,38.121,25.9,2023,British Grand Prix,10
SAR,16.0,93.771,MEDIUM,16.0,1.0,30.013,37.979,25.779,2023,British Grand Prix,10
SAR,17.0,93.728,MEDIUM,17.0,1.0,30.086,37.916,25.726,2023,British Grand Prix,10
SAR,18.0,93.465,MEDIUM,18.0,1.0,29.973,37.749,25.743,2023,British Grand Prix,10
SAR,19.0,93.573,MEDIUM,19.0,1.0,30.056,37.845,25.672,2023,British Grand Prix,10
SAR,20.0,93.387,MEDIUM,20.0,1.0,29.896,37.88,25.611,2023,British Grand Prix,10
SAR,21.0,93.458,MEDIUM,21.0,1.0,29.974,37.751,25.733,2023,British Grand Prix,10
SAR,22.0,93.479,MEDIUM,22.0,1.0,29.976,37.66,25.843,2023,British Grand Prix,10
SAR,23.0,93.212,MEDIUM,23.0,1.0,29.864,37.639,25.709,2023,British Grand Prix,10
SAR,24.0,93.502,MEDIUM,24.0,1.0,29.929,37.734,25.839,2023,British Grand Prix,10
SAR,25.0,93.508,MEDIUM,25.0,1.0,29.95,37.905,25.653,2023,British Grand Prix,10
SAR,26.0,93.553,MEDIUM,26.0,1.0,29.921,37.949,25.683,2023,British Grand Prix,10
SAR,27.0,93.731,MEDIUM,27.0,1.0,29.98,38.125,25.626,2023,British Grand Prix,10
SAR,28.0,93.49,MEDIUM,28.0,1.0,29.964,37.906,25.62,2023,British Grand Prix,10
SAR,29.0,92.723,MEDIUM,29.0,1.0,29.946,37.62,25.157,2023,British Grand Prix,10
SAR,31.0,91.994,SOFT,2.0,2.0,29.514,37.228,25.252,2023,British Grand Prix,10
SAR,39.0,92.794,SOFT,10.0,2.0,29.363,37.576,25.855,2023,British Grand Prix,10
SAR,40.0,92.949,SOFT,11.0,2.0,29.467,37.585,25.897,2023,British Grand Prix,10
SAR,41.0,91.84,SOFT,12.0,2.0,29.17,37.335,25.335,2023,British Grand Prix,10
SAR,42.0,91.699,SOFT,13.0,2.0,29.225,37.298,25.176,2023,British Grand Prix,10
SAR,43.0,91.743,SOFT,14.0,2.0,29.168,37.177,25.398,2023,British Grand Prix,10
SAR,44.0,92.849,SOFT,15.0,2.0,29.266,37.92,25.663,2023,British Grand Prix,10
SAR,45.0,92.724,SOFT,16.0,2.0,29.3,37.857,25.567,2023,British Grand Prix,10
SAR,46.0,92.421,SOFT,17.0,2.0,29.363,37.694,25.364,2023,British Grand Prix,10
SAR,47.0,91.868,SOFT,18.0,2.0,29.102,37.404,25.362,2023,British Grand Prix,10
SAR,48.0,91.71,SOFT,19.0,2.0,29.155,37.361,25.194,2023,British Grand Prix,10
SAR,49.0,91.873,SOFT,20.0,2.0,29.188,37.48,25.205,2023,British Grand Prix,10
SAR,50.0,92.085,SOFT,21.0,2.0,29.124,37.434,25.527,2023,British Grand Prix,10
SAR,51.0,91.956,SOFT,22.0,2.0,29.11,37.378,25.468,2023,British Grand Prix,10
SAR,52.0,91.984,SOFT,23.0,2.0,29.233,37.273,25.478,2023,British Grand Prix,10
MAG,2.0,96.337,MEDIUM,2.0,1.0,30.278,39.301,26.758,2023,British Grand Prix,10
MAG,3.0,95.169,MEDIUM,3.0,1.0,30.113,39.022,26.034,2023,British Grand Prix,10
MAG,4.0,94.731,MEDIUM,4.0,1.0,29.835,38.779,26.117,2023,British Grand Prix,10
MAG,5.0,94.598,MEDIUM,5.0,1.0,29.695,38.919,25.984,2023,British Grand Prix,10
MAG,6.0,94.933,MEDIUM,6.0,1.0,29.869,38.891,26.173,2023,British Grand Prix,10
MAG,7.0,94.95,MEDIUM,7.0,1.0,29.929,38.904,26.117,2023,British Grand Prix,10
MAG,8.0,94.427,MEDIUM,8.0,1.0,29.836,38.749,25.842,2023,British Grand Prix,10
MAG,9.0,94.577,MEDIUM,9.0,1.0,29.828,38.656,26.093,2023,British Grand Prix,10
MAG,10.0,94.715,MEDIUM,10.0,1.0,29.787,38.759,26.169,2023,British Grand Prix,10
MAG,11.0,94.31,MEDIUM,11.0,1.0,29.895,38.407,26.008,2023,British Grand Prix,10
MAG,12.0,94.544,MEDIUM,12.0,1.0,30.109,38.295,26.14,2023,British Grand Prix,10
MAG,13.0,94.339,MEDIUM,13.0,1.0,29.966,38.293,26.08,2023,British Grand Prix,10
MAG,14.0,95.024,MEDIUM,14.0,1.0,30.236,38.717,26.071,2023,British Grand Prix,10
MAG,15.0,94.606,MEDIUM,15.0,1.0,30.276,38.161,26.169,2023,British Grand Prix,10
MAG,16.0,94.559,MEDIUM,16.0,1.0,30.197,38.218,26.144,2023,British Grand Prix,10
MAG,17.0,94.216,MEDIUM,17.0,1.0,30.118,38.047,26.051,2023,British Grand Prix,10
MAG,18.0,93.795,MEDIUM,18.0,1.0,30.077,37.825,25.893,2023,British Grand Prix,10
MAG,19.0,94.281,MEDIUM,19.0,1.0,30.179,38.08,26.022,2023,British Grand Prix,10
MAG,20.0,93.935,MEDIUM,20.0,1.0,30.084,37.955,25.896,2023,British Grand Prix,10
MAG,21.0,94.083,MEDIUM,21.0,1.0,30.112,38.107,25.864,2023,British Grand Prix,10
MAG,22.0,93.997,MEDIUM,22.0,1.0,30.035,38.079,25.883,2023,British Grand Prix,10
MAG,23.0,93.98,MEDIUM,23.0,1.0,30.025,38.038,25.917,2023,British Grand Prix,10
MAG,24.0,93.891,MEDIUM,24.0,1.0,30.085,37.93,25.876,2023,British Grand Prix,10
MAG,25.0,94.037,MEDIUM,25.0,1.0,30.067,37.956,26.014,2023,British Grand Prix,10
MAG,26.0,94.119,MEDIUM,26.0,1.0,30.072,38.238,25.809,2023,British Grand Prix,10
MAG,27.0,93.935,MEDIUM,27.0,1.0,30.122,38.02,25.793,2023,British Grand Prix,10
MAG,28.0,93.76,MEDIUM,28.0,1.0,30.077,37.988,25.695,2023,British Grand Prix,10
MAG,29.0,93.356,MEDIUM,29.0,1.0,29.956,37.772,25.628,2023,British Grand Prix,10
MAG,30.0,93.466,MEDIUM,30.0,1.0,30.04,37.797,25.629,2023,British Grand Prix,10
MAG,31.0,93.464,MEDIUM,31.0,1.0,30.064,37.752,25.648,2023,British Grand Prix,10
DEV,2.0,96.208,SOFT,2.0,1.0,30.296,39.3,26.612,2023,British Grand Prix,10
DEV,3.0,94.746,SOFT,3.0,1.0,29.731,38.791,26.224,2023,British Grand Prix,10
DEV,4.0,94.199,SOFT,4.0,1.0,29.709,38.422,26.068,2023,British Grand Prix,10
DEV,5.0,94.761,SOFT,5.0,1.0,29.662,38.919,26.18,2023,British Grand Prix,10
DEV,6.0,94.907,SOFT,6.0,1.0,29.823,38.701,26.383,2023,British Grand Prix,10
DEV,7.0,95.054,SOFT,7.0,1.0,29.867,38.86,26.327,2023,British Grand Prix,10
DEV,8.0,93.896,SOFT,8.0,1.0,29.915,37.971,26.01,2023,British Grand Prix,10
DEV,9.0,93.774,SOFT,9.0,1.0,29.853,37.925,25.996,2023,British Grand Prix,10
DEV,10.0,93.985,SOFT,10.0,1.0,29.892,38.185,25.908,2023,British Grand Prix,10
DEV,11.0,93.758,SOFT,11.0,1.0,29.689,38.243,25.826,2023,British Grand Prix,10
DEV,12.0,94.165,SOFT,12.0,1.0,29.904,38.25,26.011,2023,British Grand Prix,10
DEV,13.0,94.232,SOFT,13.0,1.0,29.768,38.404,26.06,2023,British Grand Prix,10
DEV,14.0,94.879,SOFT,14.0,1.0,30.138,38.804,25.937,2023,British Grand Prix,10
DEV,15.0,94.17,SOFT,15.0,1.0,30.231,38.014,25.925,2023,British Grand Prix,10
DEV,16.0,94.148,SOFT,16.0,1.0,30.057,38.044,26.047,2023,British Grand Prix,10
DEV,17.0,93.637,SOFT,17.0,1.0,30.045,37.781,25.811,2023,British Grand Prix,10
DEV,18.0,93.453,SOFT,18.0,1.0,29.966,37.757,25.73,2023,British Grand Prix,10
DEV,19.0,93.835,SOFT,19.0,1.0,30.126,38.0,25.709,2023,British Grand Prix,10
DEV,20.0,93.48,SOFT,20.0,1.0,29.94,37.85,25.69,2023,British Grand Prix,10
DEV,21.0,93.652,SOFT,21.0,1.0,30.05,37.849,25.753,2023,British Grand Prix,10
DEV,22.0,93.647,SOFT,22.0,1.0,30.073,37.855,25.719,2023,British Grand Prix,10
DEV,23.0,93.622,SOFT,23.0,1.0,29.959,37.93,25.733,2023,British Grand Prix,10
DEV,24.0,93.663,SOFT,24.0,1.0,29.95,37.955,25.758,2023,British Grand Prix,10
DEV,25.0,93.553,SOFT,25.0,1.0,30.023,37.955,25.575,2023,British Grand Prix,10
DEV,26.0,93.754,SOFT,26.0,1.0,30.036,38.012,25.706,2023,British Grand Prix,10
DEV,27.0,93.299,SOFT,27.0,1.0,30.032,37.92,25.347,2023,British Grand Prix,10
DEV,29.0,92.499,MEDIUM,2.0,2.0,29.586,37.541,25.372,2023,British Grand Prix,10
DEV,30.0,92.564,MEDIUM,3.0,2.0,29.705,37.467,25.392,2023,British Grand Prix,10
DEV,31.0,92.829,MEDIUM,4.0,2.0,29.797,37.519,25.513,2023,British Grand Prix,10
DEV,39.0,93.647,SOFT,7.0,3.0,29.475,38.321,25.851,2023,British Grand Prix,10
DEV,40.0,93.18,SOFT,8.0,3.0,29.488,37.965,25.727,2023,British Grand Prix,10
DEV,41.0,92.65,SOFT,9.0,3.0,29.6,37.438,25.612,2023,British Grand Prix,10
DEV,42.0,92.369,SOFT,10.0,3.0,29.334,37.495,25.54,2023,British Grand Prix,10
DEV,43.0,92.516,SOFT,11.0,3.0,29.348,37.515,25.653,2023,British Grand Prix,10
DEV,44.0,94.017,SOFT,12.0,3.0,29.335,38.402,26.28,2023,British Grand Prix,10
DEV,45.0,92.829,SOFT,13.0,3.0,29.474,37.735,25.62,2023,British Grand Prix,10
DEV,46.0,92.716,SOFT,14.0,3.0,29.466,37.597,25.653,2023,British Grand Prix,10
DEV,47.0,92.456,SOFT,15.0,3.0,29.449,37.429,25.578,2023,British Grand Prix,10
DEV,48.0,92.353,SOFT,16.0,3.0,29.401,37.386,25.566,2023,British Grand Prix,10
DEV,49.0,92.54,SOFT,17.0,3.0,29.496,37.443,25.601,2023,British Grand Prix,10
DEV,50.0,92.632,SOFT,18.0,3.0,29.46,37.373,25.799,2023,British Grand Prix,10
DEV,51.0,92.445,SOFT,19.0,3.0,29.385,37.301,25.759,2023,British Grand Prix,10
DEV,52.0,92.42,SOFT,20.0,3.0,29.39,37.43,25.6,2023,British Grand Prix,10
TSU,2.0,95.252,SOFT,2.0,1.0,30.105,38.657,26.49,2023,British Grand Prix,10
TSU,3.0,94.229,SOFT,3.0,1.0,29.768,38.439,26.022,2023,British Grand Prix,10
TSU,4.0,94.362,SOFT,4.0,1.0,29.726,38.515,26.121,2023,British Grand Prix,10
TSU,5.0,94.457,SOFT,5.0,1.0,29.859,38.422,26.176,2023,British Grand Prix,10
TSU,6.0,95.373,SOFT,6.0,1.0,29.99,38.34,27.043,2023,British Grand Prix,10
TSU,7.0,94.571,SOFT,7.0,1.0,29.982,38.33,26.259,2023,British Grand Prix,10
TSU,8.0,94.486,SOFT,8.0,1.0,30.116,38.235,26.135,2023,British Grand Prix,10
TSU,9.0,94.235,SOFT,9.0,1.0,30.041,37.934,26.26,2023,British Grand Prix,10
TSU,10.0,94.173,SOFT,10.0,1.0,29.987,37.939,26.247,2023,British Grand Prix,10
TSU,11.0,94.085,SOFT,11.0,1.0,29.919,37.914,26.252,2023,British Grand Prix,10
TSU,12.0,94.237,SOFT,12.0,1.0,30.064,37.865,26.308,2023,British Grand Prix,10
TSU,13.0,94.433,SOFT,13.0,1.0,30.153,38.017,26.263,2023,British Grand Prix,10
TSU,14.0,94.769,SOFT,14.0,1.0,30.642,38.861,25.266,2023,British Grand Prix,10
TSU,16.0,93.058,HARD,2.0,2.0,29.735,37.674,25.649,2023,British Grand Prix,10
TSU,17.0,92.952,HARD,3.0,2.0,29.751,37.423,25.778,2023,British Grand Prix,10
TSU,18.0,93.094,HARD,4.0,2.0,29.777,37.417,25.9,2023,British Grand Prix,10
TSU,19.0,93.424,HARD,5.0,2.0,29.926,37.63,25.868,2023,British Grand Prix,10
TSU,20.0,93.281,HARD,6.0,2.0,29.873,37.591,25.817,2023,British Grand Prix,10
TSU,21.0,93.189,HARD,7.0,2.0,29.891,37.549,25.749,2023,British Grand Prix,10
TSU,22.0,93.004,HARD,8.0,2.0,29.825,37.52,25.659,2023,British Grand Prix,10
TSU,23.0,93.098,HARD,9.0,2.0,29.835,37.476,25.787,2023,British Grand Prix,10
TSU,24.0,93.205,HARD,10.0,2.0,29.931,37.591,25.683,2023,British Grand Prix,10
TSU,25.0,93.224,HARD,11.0,2.0,29.895,37.664,25.665,2023,British Grand Prix,10
TSU,26.0,93.319,HARD,12.0,2.0,29.958,37.671,25.69,2023,British Grand Prix,10
TSU,27.0,93.418,HARD,13.0,2.0,29.986,37.807,25.625,2023,British Grand Prix,10
TSU,28.0,93.275,HARD,14.0,2.0,29.88,37.676,25.719,2023,British Grand Prix,10
TSU,29.0,93.118,HARD,15.0,2.0,29.929,37.597,25.592,2023,British Grand Prix,10
TSU,30.0,93.211,HARD,16.0,2.0,29.94,37.599,25.672,2023,British Grand Prix,10
TSU,31.0,93.279,HARD,17.0,2.0,30.026,37.617,25.636,2023,British Grand Prix,10
TSU,32.0,107.079,HARD,18.0,2.0,29.993,47.773,29.313,2023,British Grand Prix,10
TSU,39.0,92.882,SOFT,7.0,3.0,29.28,37.783,25.819,2023,British Grand Prix,10
TSU,40.0,92.932,SOFT,8.0,3.0,29.48,37.484,25.968,2023,British Grand Prix,10
TSU,41.0,93.321,SOFT,9.0,3.0,29.282,38.52,25.519,2023,British Grand Prix,10
TSU,42.0,92.306,SOFT,10.0,3.0,29.231,37.401,25.674,2023,British Grand Prix,10
TSU,43.0,92.572,SOFT,11.0,3.0,29.334,37.382,25.856,2023,British Grand Prix,10
TSU,44.0,92.534,SOFT,12.0,3.0,29.467,37.416,25.651,2023,British Grand Prix,10
TSU,45.0,92.494,SOFT,13.0,3.0,29.489,37.37,25.635,2023,British Grand Prix,10
TSU,46.0,92.535,SOFT,14.0,3.0,29.434,37.544,25.557,2023,British Grand Prix,10
TSU,47.0,92.291,SOFT,15.0,3.0,29.342,37.384,25.565,2023,British Grand Prix,10
TSU,48.0,92.084,SOFT,16.0,3.0,29.292,37.265,25.527,2023,British Grand Prix,10
TSU,49.0,92.504,SOFT,17.0,3.0,29.451,37.416,25.637,2023,British Grand Prix,10
TSU,50.0,92.79,SOFT,18.0,3.0,29.394,37.382,26.014,2023,British Grand Prix,10
TSU,51.0,93.212,SOFT,19.0,3.0,29.404,37.22,26.588,2023,British Grand Prix,10
TSU,52.0,92.78,SOFT,20.0,3.0,29.493,37.679,25.608,2023,British Grand Prix,10
ALB,2.0,95.004,MEDIUM,2.0,1.0,29.913,38.718,26.373,2023,British Grand Prix,10
ALB,3.0,93.809,MEDIUM,3.0,1.0,29.457,38.587,25.765,2023,British Grand Prix,10
ALB,4.0,93.866,MEDIUM,4.0,1.0,29.454,38.504,25.908,2023,British Grand Prix,10
ALB,5.0,93.86,MEDIUM,5.0,1.0,29.557,38.255,26.048,2023,British Grand Prix,10
ALB,6.0,94.21,MEDIUM,6.0,1.0,29.811,38.423,25.976,2023,British Grand Prix,10
ALB,7.0,94.099,MEDIUM,7.0,1.0,29.761,38.409,25.929,2023,British Grand Prix,10
ALB,8.0,93.922,MEDIUM,8.0,1.0,29.719,38.246,25.957,2023,British Grand Prix,10
ALB,9.0,93.731,MEDIUM,9.0,1.0,29.718,38.119,25.894,2023,British Grand Prix,10
ALB,10.0,94.045,MEDIUM,10.0,1.0,29.78,38.276,25.989,2023,British Grand Prix,10
ALB,11.0,93.842,MEDIUM,11.0,1.0,29.669,38.304,25.869,2023,British Grand Prix,10
ALB,12.0,93.857,MEDIUM,12.0,1.0,29.763,38.231,25.863,2023,British Grand Prix,10
ALB,13.0,93.751,MEDIUM,13.0,1.0,29.879,37.98,25.892,2023,British Grand Prix,10
ALB,14.0,93.951,MEDIUM,14.0,1.0,30.042,38.047,25.862,2023,British Grand Prix,10
ALB,15.0,93.786,MEDIUM,15.0,1.0,29.977,38.032,25.777,2023,British Grand Prix,10
ALB,16.0,94.343,MEDIUM,16.0,1.0,29.955,38.002,26.386,2023,British Grand Prix,10
ALB,17.0,93.707,MEDIUM,17.0,1.0,29.806,38.244,25.657,2023,British Grand Prix,10
ALB,18.0,93.615,MEDIUM,18.0,1.0,29.894,37.859,25.862,2023,British Grand Prix,10
ALB,19.0,93.654,MEDIUM,19.0,1.0,29.949,37.951,25.754,2023,British Grand Prix,10
ALB,20.0,93.44,MEDIUM,20.0,1.0,29.933,37.883,25.624,2023,British Grand Prix,10
ALB,21.0,93.195,MEDIUM,21.0,1.0,29.808,37.695,25.692,2023,British Grand Prix,10
ALB,22.0,93.021,MEDIUM,22.0,1.0,29.746,37.759,25.516,2023,British Grand Prix,10
ALB,23.0,93.117,MEDIUM,23.0,1.0,29.874,37.731,25.512,2023,British Grand Prix,10
ALB,24.0,93.163,MEDIUM,24.0,1.0,29.825,37.69,25.648,2023,British Grand Prix,10
ALB,25.0,93.374,MEDIUM,25.0,1.0,29.88,37.866,25.628,2023,British Grand Prix,10
ALB,26.0,93.175,MEDIUM,26.0,1.0,29.829,37.818,25.528,2023,British Grand Prix,10
ALB,27.0,93.126,MEDIUM,27.0,1.0,29.871,37.863,25.392,2023,British Grand Prix,10
ALB,28.0,93.084,MEDIUM,28.0,1.0,29.824,37.728,25.532,2023,British Grand Prix,10
ALB,29.0,92.869,MEDIUM,29.0,1.0,29.729,37.652,25.488,2023,British Grand Prix,10
ALB,30.0,92.882,MEDIUM,30.0,1.0,29.769,37.638,25.475,2023,British Grand Prix,10
ALB,31.0,92.816,MEDIUM,31.0,1.0,29.701,37.604,25.511,2023,British Grand Prix,10
ALB,32.0,96.773,MEDIUM,32.0,1.0,29.648,37.319,29.806,2023,British Grand Prix,10
ALB,39.0,92.63,SOFT,11.0,2.0,29.343,37.709,25.578,2023,British Grand Prix,10
ALB,40.0,92.176,SOFT,12.0,2.0,29.371,37.497,25.308,2023,British Grand Prix,10
ALB,41.0,91.273,SOFT,13.0,2.0,28.927,37.203,25.143,2023,British Grand Prix,10
ALB,42.0,91.879,SOFT,14.0,2.0,29.143,37.517,25.219,2023,British Grand Prix,10
ALB,43.0,91.752,SOFT,15.0,2.0,29.156,37.14,25.456,2023,British Grand Prix,10
ALB,44.0,92.057,SOFT,16.0,2.0,29.31,37.538,25.209,2023,British Grand Prix,10
ALB,45.0,92.146,SOFT,17.0,2.0,29.212,37.429,25.505,2023,British Grand Prix,10
ALB,46.0,92.116,SOFT,18.0,2.0,29.173,37.411,25.532,2023,British Grand Prix,10
ALB,47.0,91.537,SOFT,19.0,2.0,29.255,37.196,25.086,2023,British Grand Prix,10
ALB,48.0,91.466,SOFT,20.0,2.0,29.15,37.18,25.136,2023,British Grand Prix,10
ALB,49.0,91.912,SOFT,21.0,2.0,29.166,37.36,25.386,2023,British Grand Prix,10
ALB,50.0,91.86,SOFT,22.0,2.0,29.086,37.286,25.488,2023,British Grand Prix,10
ALB,51.0,91.93,SOFT,23.0,2.0,29.076,37.346,25.508,2023,British Grand Prix,10
ALB,52.0,91.809,SOFT,24.0,2.0,29.267,37.139,25.403,2023,British Grand Prix,10
ZHO,2.0,95.912,MEDIUM,2.0,1.0,30.211,38.929,26.772,2023,British Grand Prix,10
ZHO,3.0,94.679,MEDIUM,3.0,1.0,29.842,38.599,26.238,2023,British Grand Prix,10
ZHO,4.0,94.408,MEDIUM,4.0,1.0,29.775,38.606,26.027,2023,British Grand Prix,10
ZHO,5.0,94.736,MEDIUM,5.0,1.0,29.721,38.864,26.151,2023,British Grand Prix,10
ZHO,6.0,94.807,MEDIUM,6.0,1.0,29.792,38.711,26.304,2023,British Grand Prix,10
ZHO,7.0,94.995,MEDIUM,7.0,1.0,29.964,38.712,26.319,2023,British Grand Prix,10
ZHO,8.0,94.267,MEDIUM,8.0,1.0,29.806,38.437,26.024,2023,British Grand Prix,10
ZHO,9.0,94.044,MEDIUM,9.0,1.0,29.7,38.284,26.06,2023,British Grand Prix,10
ZHO,10.0,94.392,MEDIUM,10.0,1.0,30.004,38.212,26.176,2023,British Grand Prix,10
ZHO,11.0,94.221,MEDIUM,11.0,1.0,29.912,38.26,26.049,2023,British Grand Prix,10
ZHO,12.0,94.235,MEDIUM,12.0,1.0,30.029,38.168,26.038,2023,British Grand Prix,10
ZHO,13.0,94.13,MEDIUM,13.0,1.0,30.012,38.024,26.094,2023,British Grand Prix,10
ZHO,14.0,94.418,MEDIUM,14.0,1.0,30.326,38.12,25.972,2023,British Grand Prix,10
ZHO,15.0,94.677,MEDIUM,15.0,1.0,30.337,38.261,26.079,2023,British Grand Prix,10
ZHO,16.0,94.263,MEDIUM,16.0,1.0,30.129,38.017,26.117,2023,British Grand Prix,10
ZHO,17.0,94.027,MEDIUM,17.0,1.0,30.276,37.834,25.917,2023,British Grand Prix,10
ZHO,18.0,93.861,MEDIUM,18.0,1.0,30.122,37.77,25.969,2023,British Grand Prix,10
ZHO,19.0,93.907,MEDIUM,19.0,1.0,30.185,37.862,25.86,2023,British Grand Prix,10
ZHO,20.0,93.726,MEDIUM,20.0,1.0,30.063,37.732,25.931,2023,British Grand Prix,10
ZHO,21.0,93.56,MEDIUM,21.0,1.0,30.122,37.645,25.793,2023,British Grand Prix,10
ZHO,22.0,93.679,MEDIUM,22.0,1.0,30.106,37.717,25.856,2023,British Grand Prix,10
ZHO,23.0,93.642,MEDIUM,23.0,1.0,30.082,37.711,25.849,2023,British Grand Prix,10
ZHO,24.0,93.17,MEDIUM,24.0,1.0,30.125,37.64,25.405,2023,British Grand Prix,10
ZHO,26.0,92.524,HARD,2.0,2.0,29.595,37.38,25.549,2023,British Grand Prix,10
ZHO,27.0,92.912,HARD,3.0,2.0,29.81,37.477,25.625,2023,British Grand Prix,10
ZHO,28.0,92.999,HARD,4.0,2.0,29.871,37.467,25.661,2023,British Grand Prix,10
ZHO,29.0,92.812,HARD,5.0,2.0,29.774,37.465,25.573,2023,British Grand Prix,10
ZHO,30.0,93.006,HARD,6.0,2.0,29.912,37.316,25.778,2023,British Grand Prix,10
ZHO,31.0,93.073,HARD,7.0,2.0,29.899,37.509,25.665,2023,British Grand Prix,10
ZHO,35.0,107.368,SOFT,2.0,3.0,34.157,42.243,30.968,2023,British Grand Prix,10
ZHO,39.0,93.188,SOFT,6.0,4.0,29.2,38.147,25.841,2023,British Grand Prix,10
ZHO,40.0,93.31,SOFT,7.0,4.0,29.221,38.255,25.834,2023,British Grand Prix,10
ZHO,41.0,92.655,SOFT,8.0,4.0,29.339,37.653,25.663,2023,British Grand Prix,10
ZHO,42.0,92.243,SOFT,9.0,4.0,29.299,37.482,25.462,2023,British Grand Prix,10
ZHO,43.0,92.645,SOFT,10.0,4.0,29.298,37.603,25.744,2023,British Grand Prix,10
ZHO,44.0,92.789,SOFT,11.0,4.0,29.443,38.134,25.212,2023,British Grand Prix,10
ZHO,45.0,92.502,SOFT,12.0,4.0,29.558,37.307,25.637,2023,British Grand Prix,10
ZHO,46.0,92.329,SOFT,13.0,4.0,29.533,37.221,25.575,2023,British Grand Prix,10
ZHO,47.0,91.957,SOFT,14.0,4.0,29.433,37.007,25.517,2023,British Grand Prix,10
ZHO,48.0,91.769,SOFT,15.0,4.0,29.139,37.142,25.488,2023,British Grand Prix,10
ZHO,49.0,92.599,SOFT,16.0,4.0,29.3,37.442,25.857,2023,British Grand Prix,10
ZHO,50.0,92.459,SOFT,17.0,4.0,29.194,37.294,25.971,2023,British Grand Prix,10
ZHO,51.0,92.09,SOFT,18.0,4.0,29.285,37.357,25.448,2023,British Grand Prix,10
ZHO,52.0,92.114,SOFT,19.0,4.0,29.536,37.162,25.416,2023,British Grand Prix,10
HUL,2.0,95.277,HARD,2.0,1.0,30.229,38.722,26.326,2023,British Grand Prix,10
HUL,3.0,94.53,HARD,3.0,1.0,30.017,38.446,26.067,2023,British Grand Prix,10
HUL,4.0,94.354,HARD,4.0,1.0,29.856,38.495,26.003,2023,British Grand Prix,10
HUL,5.0,95.588,HARD,5.0,1.0,30.783,38.914,25.891,2023,British Grand Prix,10
HUL,6.0,95.631,HARD,6.0,1.0,30.04,38.689,26.902,2023,British Grand Prix,10
HUL,7.0,94.412,HARD,7.0,1.0,29.919,38.794,25.699,2023,British Grand Prix,10
HUL,9.0,93.669,MEDIUM,2.0,2.0,29.602,38.09,25.977,2023,British Grand Prix,10
HUL,10.0,93.525,MEDIUM,3.0,2.0,29.701,37.89,25.934,2023,British Grand Prix,10
HUL,11.0,93.966,MEDIUM,4.0,2.0,29.952,37.887,26.127,2023,British Grand Prix,10
HUL,12.0,94.022,MEDIUM,5.0,2.0,29.974,37.808,26.24,2023,British Grand Prix,10
HUL,13.0,94.3,MEDIUM,6.0,2.0,30.201,37.98,26.119,2023,British Grand Prix,10
HUL,14.0,94.186,MEDIUM,7.0,2.0,30.334,37.988,25.864,2023,British Grand Prix,10
HUL,15.0,93.925,MEDIUM,8.0,2.0,30.004,37.99,25.931,2023,British Grand Prix,10
HUL,16.0,93.64,MEDIUM,9.0,2.0,30.079,37.717,25.844,2023,British Grand Prix,10
HUL,17.0,93.616,MEDIUM,10.0,2.0,30.003,37.774,25.839,2023,British Grand Prix,10
HUL,18.0,93.591,MEDIUM,11.0,2.0,29.983,37.739,25.869,2023,British Grand Prix,10
HUL,19.0,93.763,MEDIUM,12.0,2.0,30.172,37.783,25.808,2023,British Grand Prix,10
HUL,20.0,93.555,MEDIUM,13.0,2.0,30.01,37.765,25.78,2023,British Grand Prix,10
HUL,21.0,93.35,MEDIUM,14.0,2.0,30.059,37.605,25.686,2023,British Grand Prix,10
HUL,22.0,93.143,MEDIUM,15.0,2.0,29.962,37.55,25.631,2023,British Grand Prix,10
HUL,23.0,93.294,MEDIUM,16.0,2.0,29.853,37.675,25.766,2023,British Grand Prix,10
HUL,24.0,93.461,MEDIUM,17.0,2.0,29.939,37.751,25.771,2023,British Grand Prix,10
HUL,25.0,93.351,MEDIUM,18.0,2.0,29.998,37.687,25.666,2023,British Grand Prix,10
HUL,26.0,93.644,MEDIUM,19.0,2.0,30.174,37.778,25.692,2023,British Grand Prix,10
HUL,27.0,93.122,MEDIUM,20.0,2.0,29.872,37.706,25.544,2023,British Grand Prix,10
HUL,28.0,93.28,MEDIUM,21.0,2.0,30.016,37.61,25.654,2023,British Grand Prix,10
HUL,29.0,93.107,MEDIUM,22.0,2.0,30.002,37.572,25.533,2023,British Grand Prix,10
HUL,30.0,93.332,MEDIUM,23.0,2.0,29.991,37.593,25.748,2023,British Grand Prix,10
HUL,31.0,93.133,MEDIUM,24.0,2.0,30.016,37.546,25.571,2023,British Grand Prix,10
HUL,35.0,101.883,SOFT,3.0,3.0,32.25,41.602,28.031,2023,British Grand Prix,10
HUL,39.0,92.527,SOFT,7.0,3.0,29.268,37.613,25.646,2023,British Grand Prix,10
HUL,40.0,92.932,SOFT,8.0,3.0,29.352,37.761,25.819,2023,British Grand Prix,10
HUL,41.0,92.104,SOFT,9.0,3.0,29.176,37.436,25.492,2023,British Grand Prix,10
HUL,42.0,92.097,SOFT,10.0,3.0,29.29,37.329,25.478,2023,British Grand Prix,10
HUL,43.0,92.325,SOFT,11.0,3.0,29.27,37.315,25.74,2023,British Grand Prix,10
HUL,44.0,92.441,SOFT,12.0,3.0,29.432,37.356,25.653,2023,British Grand Prix,10
HUL,45.0,92.534,SOFT,13.0,3.0,29.521,37.242,25.771,2023,British Grand Prix,10
HUL,46.0,92.584,SOFT,14.0,3.0,29.501,37.481,25.602,2023,British Grand Prix,10
HUL,47.0,92.101,SOFT,15.0,3.0,29.361,37.354,25.386,2023,British Grand Prix,10
HUL,48.0,92.06,SOFT,16.0,3.0,29.31,37.357,25.393,2023,British Grand Prix,10
HUL,49.0,92.08,SOFT,17.0,3.0,29.299,37.305,25.476,2023,British Grand Prix,10
HUL,50.0,92.158,SOFT,18.0,3.0,29.261,37.17,25.727,2023,British Grand Prix,10
HUL,51.0,92.166,SOFT,19.0,3.0,29.262,37.382,25.522,2023,British Grand Prix,10
HUL,52.0,91.776,SOFT,20.0,3.0,29.323,37.003,25.45,2023,British Grand Prix,10
OCO,2.0,95.23,SOFT,2.0,1.0,29.953,38.718,26.559,2023,British Grand Prix,10
OCO,3.0,94.113,SOFT,3.0,1.0,29.526,38.487,26.1,2023,British Grand Prix,10
OCO,4.0,93.941,SOFT,4.0,1.0,29.673,38.302,25.966,2023,British Grand Prix,10
OCO,5.0,93.946,SOFT,5.0,1.0,29.861,37.958,26.127,2023,British Grand Prix,10
OCO,6.0,94.381,SOFT,6.0,1.0,29.933,38.237,26.211,2023,British Grand Prix,10
OCO,7.0,94.346,SOFT,7.0,1.0,29.918,38.114,26.314,2023,British Grand Prix,10
OCO,8.0,94.032,SOFT,8.0,1.0,29.899,37.956,26.177,2023,British Grand Prix,10
OCO,9.0,93.846,SOFT,9.0,1.0,29.906,37.765,26.175,2023,British Grand Prix,10
NOR,2.0,93.046,MEDIUM,2.0,1.0,29.667,37.481,25.898,2023,British Grand Prix,10
NOR,3.0,93.18,MEDIUM,3.0,1.0,29.693,37.574,25.913,2023,British Grand Prix,10
NOR,4.0,92.772,MEDIUM,4.0,1.0,29.577,37.365,25.83,2023,British Grand Prix,10
NOR,5.0,93.914,MEDIUM,5.0,1.0,29.778,38.327,25.809,2023,British Grand Prix,10
NOR,6.0,93.112,MEDIUM,6.0,1.0,29.578,37.651,25.883,2023,British Grand Prix,10
NOR,7.0,93.19,MEDIUM,7.0,1.0,29.613,37.861,25.716,2023,British Grand Prix,10
NOR,8.0,93.101,MEDIUM,8.0,1.0,29.738,37.618,25.745,2023,British Grand Prix,10
NOR,9.0,92.612,MEDIUM,9.0,1.0,29.744,37.295,25.573,2023,British Grand Prix,10
NOR,10.0,92.977,MEDIUM,10.0,1.0,29.704,37.546,25.727,2023,British Grand Prix,10
NOR,11.0,92.978,MEDIUM,11.0,1.0,29.739,37.471,25.768,2023,British Grand Prix,10
NOR,12.0,93.116,MEDIUM,12.0,1.0,29.926,37.304,25.886,2023,British Grand Prix,10
NOR,13.0,92.986,MEDIUM,13.0,1.0,29.809,37.382,25.795,2023,British Grand Prix,10
NOR,14.0,93.67,MEDIUM,14.0,1.0,30.202,37.642,25.826,2023,British Grand Prix,10
NOR,15.0,93.221,MEDIUM,15.0,1.0,30.017,37.441,25.763,2023,British Grand Prix,10
NOR,16.0,92.903,MEDIUM,16.0,1.0,30.064,37.308,25.531,2023,British Grand Prix,10
NOR,17.0,92.985,MEDIUM,17.0,1.0,29.955,37.415,25.615,2023,British Grand Prix,10
NOR,18.0,92.731,MEDIUM,18.0,1.0,30.014,37.252,25.465,2023,British Grand Prix,10
NOR,19.0,92.5,MEDIUM,19.0,1.0,29.962,37.179,25.359,2023,British Grand Prix,10
NOR,20.0,92.77,MEDIUM,20.0,1.0,29.93,37.42,25.42,2023,British Grand Prix,10
NOR,21.0,92.604,MEDIUM,21.0,1.0,29.883,37.292,25.429,2023,British Grand Prix,10
NOR,22.0,92.637,MEDIUM,22.0,1.0,29.869,37.273,25.495,2023,British Grand Prix,10
NOR,23.0,92.619,MEDIUM,23.0,1.0,29.9,37.329,25.39,2023,British Grand Prix,10
NOR,24.0,92.721,MEDIUM,24.0,1.0,29.964,37.298,25.459,2023,British Grand Prix,10
NOR,25.0,92.949,MEDIUM,25.0,1.0,30.063,37.47,25.416,2023,British Grand Prix,10
NOR,26.0,92.758,MEDIUM,26.0,1.0,29.863,37.539,25.356,2023,British Grand Prix,10
NOR,27.0,92.734,MEDIUM,27.0,1.0,29.82,37.491,25.423,2023,British Grand Prix,10
NOR,28.0,92.714,MEDIUM,28.0,1.0,30.099,37.351,25.264,2023,British Grand Prix,10
NOR,29.0,92.806,MEDIUM,29.0,1.0,29.991,37.432,25.383,2023,British Grand Prix,10
NOR,30.0,92.609,MEDIUM,30.0,1.0,29.845,37.382,25.382,2023,British Grand Prix,10
NOR,31.0,92.808,MEDIUM,31.0,1.0,29.896,37.394,25.518,2023,British Grand Prix,10
NOR,32.0,92.571,MEDIUM,32.0,1.0,29.945,37.312,25.314,2023,British Grand Prix,10
NOR,39.0,91.243,HARD,6.0,2.0,29.005,37.054,25.184,2023,British Grand Prix,10
NOR,40.0,90.997,HARD,7.0,2.0,29.275,36.664,25.058,2023,British Grand Prix,10
NOR,41.0,90.76,HARD,8.0,2.0,29.206,36.492,25.062,2023,British Grand Prix,10
NOR,42.0,90.922,HARD,9.0,2.0,29.176,36.71,25.036,2023,British Grand Prix,10
NOR,43.0,90.543,HARD,10.0,2.0,29.252,36.383,24.908,2023,British Grand Prix,10
NOR,44.0,90.786,HARD,11.0,2.0,29.152,36.677,24.957,2023,British Grand Prix,10
NOR,45.0,91.301,HARD,12.0,2.0,29.311,36.705,25.285,2023,British Grand Prix,10
NOR,46.0,91.094,HARD,13.0,2.0,29.257,36.643,25.194,2023,British Grand Prix,10
NOR,47.0,91.593,HARD,14.0,2.0,29.286,36.842,25.465,2023,British Grand Prix,10
NOR,48.0,91.36,HARD,15.0,2.0,29.353,36.736,25.271,2023,British Grand Prix,10
NOR,49.0,91.02,HARD,16.0,2.0,29.092,36.682,25.246,2023,British Grand Prix,10
NOR,50.0,91.56,HARD,17.0,2.0,29.228,36.67,25.662,2023,British Grand Prix,10
NOR,51.0,91.077,HARD,18.0,2.0,29.289,36.585,25.203,2023,British Grand Prix,10
NOR,52.0,91.251,HARD,19.0,2.0,29.108,36.889,25.254,2023,British Grand Prix,10
HAM,2.0,94.361,MEDIUM,2.0,1.0,29.569,38.433,26.359,2023,British Grand Prix,10
HAM,3.0,93.662,MEDIUM,3.0,1.0,29.579,38.203,25.88,2023,British Grand Prix,10
HAM,4.0,93.086,MEDIUM,4.0,1.0,29.397,38.006,25.683,2023,British Grand Prix,10
HAM,5.0,93.718,MEDIUM,5.0,1.0,29.597,38.057,26.064,2023,British Grand Prix,10
HAM,6.0,94.556,MEDIUM,6.0,1.0,29.746,38.779,26.031,2023,British Grand Prix,10
HAM,7.0,93.328,MEDIUM,7.0,1.0,29.597,37.99,25.741,2023,British Grand Prix,10
HAM,8.0,93.483,MEDIUM,8.0,1.0,29.747,37.848,25.888,2023,British Grand Prix,10
HAM,9.0,93.331,MEDIUM,9.0,1.0,29.695,37.722,25.914,2023,British Grand Prix,10
HAM,10.0,93.624,MEDIUM,10.0,1.0,29.799,37.826,25.999,2023,British Grand Prix,10
HAM,11.0,93.519,MEDIUM,11.0,1.0,29.689,37.995,25.835,2023,British Grand Prix,10
HAM,12.0,93.908,MEDIUM,12.0,1.0,30.137,37.821,25.95,2023,British Grand Prix,10
HAM,13.0,93.28,MEDIUM,13.0,1.0,29.832,37.564,25.884,2023,British Grand Prix,10
HAM,14.0,93.324,MEDIUM,14.0,1.0,29.926,37.676,25.722,2023,British Grand Prix,10
HAM,15.0,93.156,MEDIUM,15.0,1.0,29.932,37.457,25.767,2023,British Grand Prix,10
HAM,16.0,92.931,MEDIUM,16.0,1.0,29.772,37.36,25.799,2023,British Grand Prix,10
HAM,17.0,93.12,MEDIUM,17.0,1.0,29.873,37.497,25.75,2023,British Grand Prix,10
HAM,18.0,93.313,MEDIUM,18.0,1.0,30.023,37.546,25.744,2023,British Grand Prix,10
HAM,19.0,93.201,MEDIUM,19.0,1.0,29.921,37.535,25.745,2023,British Grand Prix,10
HAM,20.0,92.956,MEDIUM,20.0,1.0,29.733,37.618,25.605,2023,British Grand Prix,10
HAM,21.0,92.779,MEDIUM,21.0,1.0,29.714,37.398,25.667,2023,British Grand Prix,10
HAM,22.0,92.821,MEDIUM,22.0,1.0,29.765,37.425,25.631,2023,British Grand Prix,10
HAM,23.0,92.974,MEDIUM,23.0,1.0,29.743,37.558,25.673,2023,British Grand Prix,10
HAM,24.0,92.703,MEDIUM,24.0,1.0,29.823,37.264,25.616,2023,British Grand Prix,10
HAM,25.0,93.087,MEDIUM,25.0,1.0,29.994,37.517,25.576,2023,British Grand Prix,10
HAM,26.0,92.769,MEDIUM,26.0,1.0,29.828,37.608,25.333,2023,British Grand Prix,10
HAM,27.0,92.714,MEDIUM,27.0,1.0,29.668,37.575,25.471,2023,British Grand Prix,10
HAM,28.0,92.32,MEDIUM,28.0,1.0,29.625,37.362,25.333,2023,British Grand Prix,10
HAM,29.0,92.155,MEDIUM,29.0,1.0,29.651,37.234,25.27,2023,British Grand Prix,10
HAM,30.0,92.246,MEDIUM,30.0,1.0,29.587,37.329,25.33,2023,British Grand Prix,10
HAM,31.0,92.744,MEDIUM,31.0,1.0,29.714,37.47,25.56,2023,British Grand Prix,10
HAM,32.0,95.161,MEDIUM,32.0,1.0,29.691,37.314,28.156,2023,British Grand Prix,10
HAM,39.0,91.427,SOFT,9.0,2.0,28.789,37.606,25.032,2023,British Grand Prix,10
HAM,40.0,91.279,SOFT,10.0,2.0,29.052,37.164,25.063,2023,British Grand Prix,10
HAM,41.0,90.673,SOFT,11.0,2.0,29.156,36.615,24.902,2023,British Grand Prix,10
HAM,42.0,91.042,SOFT,12.0,2.0,28.886,37.174,24.982,2023,British Grand Prix,10
HAM,43.0,90.545,SOFT,13.0,2.0,28.901,36.635,25.009,2023,British Grand Prix,10
HAM,44.0,91.589,SOFT,14.0,2.0,29.397,36.955,25.237,2023,British Grand Prix,10
HAM,45.0,91.359,SOFT,15.0,2.0,29.148,36.885,25.326,2023,British Grand Prix,10
HAM,46.0,91.559,SOFT,16.0,2.0,29.144,37.042,25.373,2023,British Grand Prix,10
HAM,47.0,91.248,SOFT,17.0,2.0,29.108,36.857,25.283,2023,British Grand Prix,10
HAM,48.0,91.152,SOFT,18.0,2.0,29.085,36.857,25.21,2023,British Grand Prix,10
HAM,49.0,91.286,SOFT,19.0,2.0,29.07,36.936,25.28,2023,British Grand Prix,10
HAM,50.0,91.526,SOFT,20.0,2.0,29.108,36.931,25.487,2023,British Grand Prix,10
HAM,51.0,91.703,SOFT,21.0,2.0,29.105,37.131,25.467,2023,British Grand Prix,10
HAM,52.0,91.823,SOFT,22.0,2.0,29.205,37.209,25.409,2023,British Grand Prix,10
SAI,2.0,94.177,MEDIUM,2.0,1.0,29.7,38.454,26.023,2023,British Grand Prix,10
SAI,3.0,93.456,MEDIUM,3.0,1.0,29.574,38.11,25.772,2023,British Grand Prix,10
SAI,4.0,92.975,MEDIUM,4.0,1.0,29.401,37.915,25.659,2023,British Grand Prix,10
SAI,5.0,93.666,MEDIUM,5.0,1.0,29.503,38.146,26.017,2023,British Grand Prix,10
SAI,6.0,94.215,MEDIUM,6.0,1.0,29.622,38.747,25.846,2023,British Grand Prix,10
SAI,7.0,93.427,MEDIUM,7.0,1.0,29.545,38.158,25.724,2023,British Grand Prix,10
SAI,8.0,93.442,MEDIUM,8.0,1.0,29.677,37.958,25.807,2023,British Grand Prix,10
SAI,9.0,93.417,MEDIUM,9.0,1.0,29.712,37.857,25.848,2023,British Grand Prix,10
SAI,10.0,93.405,MEDIUM,10.0,1.0,29.711,37.863,25.831,2023,British Grand Prix,10
SAI,11.0,93.279,MEDIUM,11.0,1.0,29.661,37.89,25.728,2023,British Grand Prix,10
SAI,12.0,93.323,MEDIUM,12.0,1.0,29.904,37.722,25.697,2023,British Grand Prix,10
SAI,13.0,93.105,MEDIUM,13.0,1.0,29.782,37.583,25.74,2023,British Grand Prix,10
SAI,14.0,93.941,MEDIUM,14.0,1.0,30.049,37.973,25.919,2023,British Grand Prix,10
SAI,15.0,93.623,MEDIUM,15.0,1.0,30.065,37.735,25.823,2023,British Grand Prix,10
SAI,16.0,93.498,MEDIUM,16.0,1.0,30.004,37.705,25.789,2023,British Grand Prix,10
SAI,17.0,93.076,MEDIUM,17.0,1.0,29.863,37.473,25.74,2023,British Grand Prix,10
SAI,18.0,93.302,MEDIUM,18.0,1.0,29.959,37.619,25.724,2023,British Grand Prix,10
SAI,19.0,93.242,MEDIUM,19.0,1.0,30.013,37.663,25.566,2023,British Grand Prix,10
SAI,20.0,93.007,MEDIUM,20.0,1.0,29.784,37.571,25.652,2023,British Grand Prix,10
SAI,21.0,93.261,MEDIUM,21.0,1.0,29.842,37.625,25.794,2023,British Grand Prix,10
SAI,22.0,92.871,MEDIUM,22.0,1.0,29.805,37.465,25.601,2023,British Grand Prix,10
SAI,23.0,92.755,MEDIUM,23.0,1.0,29.738,37.491,25.526,2023,British Grand Prix,10
SAI,24.0,92.77,MEDIUM,24.0,1.0,29.861,37.373,25.536,2023,British Grand Prix,10
SAI,25.0,93.133,MEDIUM,25.0,1.0,29.832,37.717,25.584,2023,British Grand Prix,10
SAI,26.0,93.181,MEDIUM,26.0,1.0,29.9,37.824,25.457,2023,British Grand Prix,10
SAI,28.0,92.22,HARD,2.0,2.0,29.528,37.246,25.446,2023,British Grand Prix,10
SAI,29.0,91.945,HARD,3.0,2.0,29.52,37.066,25.359,2023,British Grand Prix,10
SAI,30.0,92.129,HARD,4.0,2.0,29.581,37.22,25.328,2023,British Grand Prix,10
SAI,31.0,92.494,HARD,5.0,2.0,29.76,37.306,25.428,2023,British Grand Prix,10
SAI,32.0,102.583,HARD,6.0,2.0,29.62,37.209,35.754,2023,British Grand Prix,10
SAI,39.0,92.459,HARD,13.0,2.0,29.532,37.476,25.451,2023,British Grand Prix,10
SAI,40.0,91.783,HARD,14.0,2.0,29.391,37.051,25.341,2023,British Grand Prix,10
SAI,41.0,91.427,HARD,15.0,2.0,29.121,37.118,25.188,2023,British Grand Prix,10
SAI,42.0,91.643,HARD,16.0,2.0,29.199,37.208,25.236,2023,British Grand Prix,10
SAI,43.0,92.89,HARD,17.0,2.0,29.296,37.14,26.454,2023,British Grand Prix,10
SAI,44.0,94.622,HARD,18.0,2.0,30.647,38.449,25.526,2023,British Grand Prix,10
SAI,45.0,92.606,HARD,19.0,2.0,29.164,37.94,25.502,2023,British Grand Prix,10
SAI,46.0,91.906,HARD,20.0,2.0,29.31,37.118,25.478,2023,British Grand Prix,10
SAI,47.0,91.592,HARD,21.0,2.0,29.236,37.112,25.244,2023,British Grand Prix,10
SAI,48.0,91.438,HARD,22.0,2.0,29.222,36.982,25.234,2023,British Grand Prix,10
SAI,49.0,91.723,HARD,23.0,2.0,29.292,37.036,25.395,2023,British Grand Prix,10
SAI,50.0,91.408,HARD,24.0,2.0,29.164,36.938,25.306,2023,British Grand Prix,10
SAI,51.0,91.366,HARD,25.0,2.0,29.054,36.985,25.327,2023,British Grand Prix,10
SAI,52.0,91.88,HARD,26.0,2.0,29.274,37.244,25.362,2023,British Grand Prix,10
RUS,2.0,94.115,SOFT,5.0,1.0,29.665,38.479,25.971,2023,British Grand Prix,10
RUS,3.0,93.096,SOFT,6.0,1.0,29.375,38.04,25.681,2023,British Grand Prix,10
RUS,4.0,93.084,SOFT,7.0,1.0,29.281,38.196,25.607,2023,British Grand Prix,10
RUS,5.0,94.211,SOFT,8.0,1.0,29.258,38.446,26.507,2023,British Grand Prix,10
RUS,6.0,93.839,SOFT,9.0,1.0,29.7,38.333,25.806,2023,British Grand Prix,10
RUS,7.0,93.432,SOFT,10.0,1.0,29.58,38.128,25.724,2023,British Grand Prix,10
RUS,8.0,93.136,SOFT,11.0,1.0,29.445,37.966,25.725,2023,British Grand Prix,10
RUS,9.0,93.154,SOFT,12.0,1.0,29.471,37.931,25.752,2023,British Grand Prix,10
RUS,10.0,93.424,SOFT,13.0,1.0,29.644,37.983,25.797,2023,British Grand Prix,10
RUS,11.0,93.089,SOFT,14.0,1.0,29.499,37.901,25.689,2023,British Grand Prix,10
RUS,12.0,93.354,SOFT,15.0,1.0,29.964,37.724,25.666,2023,British Grand Prix,10
RUS,13.0,93.159,SOFT,16.0,1.0,29.716,37.705,25.738,2023,British Grand Prix,10
RUS,14.0,93.729,SOFT,17.0,1.0,29.785,38.226,25.718,2023,British Grand Prix,10
RUS,15.0,93.27,SOFT,18.0,1.0,29.856,37.796,25.618,2023,British Grand Prix,10
RUS,16.0,93.309,SOFT,19.0,1.0,29.612,37.895,25.802,2023,British Grand Prix,10
RUS,17.0,93.174,SOFT,20.0,1.0,29.733,37.811,25.63,2023,British Grand Prix,10
RUS,18.0,93.072,SOFT,21.0,1.0,29.74,37.844,25.488,2023,British Grand Prix,10
RUS,19.0,92.807,SOFT,22.0,1.0,29.856,37.379,25.572,2023,British Grand Prix,10
RUS,20.0,92.803,SOFT,23.0,1.0,29.746,37.397,25.66,2023,British Grand Prix,10
RUS,21.0,92.85,SOFT,24.0,1.0,29.774,37.425,25.651,2023,British Grand Prix,10
RUS,22.0,92.568,SOFT,25.0,1.0,29.654,37.288,25.626,2023,British Grand Prix,10
RUS,23.0,92.683,SOFT,26.0,1.0,29.682,37.421,25.58,2023,British Grand Prix,10
RUS,24.0,92.852,SOFT,27.0,1.0,29.89,37.327,25.635,2023,British Grand Prix,10
RUS,25.0,92.863,SOFT,28.0,1.0,29.909,37.461,25.493,2023,British Grand Prix,10
RUS,26.0,92.958,SOFT,29.0,1.0,29.802,37.537,25.619,2023,British Grand Prix,10
RUS,27.0,93.062,SOFT,30.0,1.0,29.871,37.552,25.639,2023,British Grand Prix,10
RUS,28.0,92.504,SOFT,31.0,1.0,29.894,37.569,25.041,2023,British Grand Prix,10
RUS,30.0,91.51,MEDIUM,2.0,2.0,29.321,37.145,25.044,2023,British Grand Prix,10
RUS,31.0,91.8,MEDIUM,3.0,2.0,29.104,37.339,25.357,2023,British Grand Prix,10
RUS,32.0,100.097,MEDIUM,4.0,2.0,29.566,37.175,33.356,2023,British Grand Prix,10
RUS,39.0,91.848,MEDIUM,11.0,2.0,29.049,37.331,25.468,2023,British Grand Prix,10
RUS,40.0,91.606,MEDIUM,12.0,2.0,29.251,37.051,25.304,2023,British Grand Prix,10
RUS,41.0,91.124,MEDIUM,13.0,2.0,29.144,36.929,25.051,2023,British Grand Prix,10
RUS,42.0,91.188,MEDIUM,14.0,2.0,29.144,36.948,25.096,2023,British Grand Prix,10
RUS,43.0,91.231,MEDIUM,15.0,2.0,29.193,36.759,25.279,2023,British Grand Prix,10
RUS,44.0,91.568,MEDIUM,16.0,2.0,29.174,37.026,25.368,2023,British Grand Prix,10
RUS,45.0,91.718,MEDIUM,17.0,2.0,29.201,37.067,25.45,2023,British Grand Prix,10
RUS,46.0,91.984,MEDIUM,18.0,2.0,29.319,37.124,25.541,2023,British Grand Prix,10
RUS,47.0,91.644,MEDIUM,19.0,2.0,29.177,36.978,25.489,2023,British Grand Prix,10
RUS,48.0,91.569,MEDIUM,20.0,2.0,29.189,37.001,25.379,2023,British Grand Prix,10
RUS,49.0,91.612,MEDIUM,21.0,2.0,29.143,36.987,25.482,2023,British Grand Prix,10
RUS,50.0,91.421,MEDIUM,22.0,2.0,29.173,36.843,25.405,2023,British Grand Prix,10
RUS,51.0,91.563,MEDIUM,23.0,2.0,29.089,37.001,25.473,2023,British Grand Prix,10
RUS,52.0,91.433,MEDIUM,24.0,2.0,29.079,36.925,25.429,2023,British Grand Prix,10
BOT,2.0,96.741,HARD,2.0,1.0,30.424,39.379,26.938,2023,British Grand Prix,10
BOT,3.0,94.865,HARD,3.0,1.0,29.844,38.861,26.16,2023,British Grand Prix,10
BOT,4.0,94.611,HARD,4.0,1.0,29.847,38.703,26.061,2023,British Grand Prix,10
BOT,5.0,94.804,HARD,5.0,1.0,29.766,38.804,26.234,2023,British Grand Prix,10
BOT,6.0,94.791,HARD,6.0,1.0,30.046,38.444,26.301,2023,British Grand Prix,10
BOT,7.0,94.879,HARD,7.0,1.0,29.863,38.733,26.283,2023,British Grand Prix,10
BOT,8.0,94.476,HARD,8.0,1.0,29.875,38.578,26.023,2023,British Grand Prix,10
BOT,9.0,94.386,HARD,9.0,1.0,29.954,38.344,26.088,2023,British Grand Prix,10
BOT,10.0,94.306,HARD,10.0,1.0,30.015,38.203,26.088,2023,British Grand Prix,10
BOT,11.0,94.354,HARD,11.0,1.0,29.9,38.383,26.071,2023,British Grand Prix,10
BOT,12.0,94.541,HARD,12.0,1.0,30.094,38.281,26.166,2023,British Grand Prix,10
BOT,13.0,94.618,HARD,13.0,1.0,30.119,38.272,26.227,2023,British Grand Prix,10
BOT,14.0,94.604,HARD,14.0,1.0,30.215,38.253,26.136,2023,British Grand Prix,10
BOT,15.0,94.627,HARD,15.0,1.0,30.331,38.191,26.105,2023,British Grand Prix,10
BOT,16.0,94.367,HARD,16.0,1.0,30.152,38.057,26.158,2023,British Grand Prix,10
BOT,17.0,93.867,HARD,17.0,1.0,30.111,37.712,26.044,2023,British Grand Prix,10
BOT,18.0,93.749,HARD,18.0,1.0,30.055,37.711,25.983,2023,British Grand Prix,10
BOT,19.0,93.73,HARD,19.0,1.0,30.048,37.742,25.94,2023,British Grand Prix,10
BOT,20.0,93.671,HARD,20.0,1.0,29.995,37.645,26.031,2023,British Grand Prix,10
BOT,21.0,93.607,HARD,21.0,1.0,29.996,37.774,25.837,2023,British Grand Prix,10
BOT,22.0,93.468,HARD,22.0,1.0,29.936,37.631,25.901,2023,British Grand Prix,10
BOT,23.0,93.787,HARD,23.0,1.0,30.029,37.836,25.922,2023,British Grand Prix,10
BOT,24.0,93.464,HARD,24.0,1.0,29.834,37.764,25.866,2023,British Grand Prix,10
BOT,25.0,93.292,HARD,25.0,1.0,29.892,37.622,25.778,2023,British Grand Prix,10
BOT,26.0,93.47,HARD,26.0,1.0,29.981,37.671,25.818,2023,British Grand Prix,10
BOT,27.0,93.588,HARD,27.0,1.0,29.999,37.771,25.818,2023,British Grand Prix,10
BOT,28.0,93.5,HARD,28.0,1.0,29.9,37.79,25.81,2023,British Grand Prix,10
BOT,29.0,93.351,HARD,29.0,1.0,30.0,37.592,25.759,2023,British Grand Prix,10
BOT,30.0,93.367,HARD,30.0,1.0,29.967,37.72,25.68,2023,British Grand Prix,10
BOT,31.0,93.44,HARD,31.0,1.0,29.976,37.764,25.7,2023,British Grand Prix,10
BOT,32.0,105.965,HARD,32.0,1.0,29.929,43.363,32.673,2023,British Grand Prix,10
BOT,39.0,92.618,SOFT,7.0,2.0,29.365,37.584,25.669,2023,British Grand Prix,10
BOT,40.0,93.056,SOFT,8.0,2.0,29.615,37.557,25.884,2023,British Grand Prix,10
BOT,41.0,92.229,SOFT,9.0,2.0,29.317,37.418,25.494,2023,British Grand Prix,10
BOT,42.0,91.902,SOFT,10.0,2.0,29.193,37.413,25.296,2023,British Grand Prix,10
BOT,43.0,92.047,SOFT,11.0,2.0,29.472,37.073,25.502,2023,British Grand Prix,10
BOT,44.0,92.563,SOFT,12.0,2.0,29.574,37.415,25.574,2023,British Grand Prix,10
BOT,45.0,93.177,SOFT,13.0,2.0,29.477,37.792,25.908,2023,British Grand Prix,10
BOT,46.0,92.284,SOFT,14.0,2.0,29.478,37.322,25.484,2023,British Grand Prix,10
BOT,47.0,92.079,SOFT,15.0,2.0,29.491,37.185,25.403,2023,British Grand Prix,10
BOT,48.0,91.974,SOFT,16.0,2.0,29.329,37.239,25.406,2023,British Grand Prix,10
BOT,49.0,92.167,SOFT,17.0,2.0,29.485,37.237,25.445,2023,British Grand Prix,10
BOT,50.0,92.163,SOFT,18.0,2.0,29.428,37.192,25.543,2023,British Grand Prix,10
BOT,51.0,92.133,SOFT,19.0,2.0,29.433,37.132,25.568,2023,British Grand Prix,10
BOT,52.0,91.852,SOFT,20.0,2.0,29.345,37.127,25.38,2023,British Grand Prix,10
PIA,2.0,93.845,MEDIUM,2.0,1.0,29.69,38.097,26.058,2023,British Grand Prix,10
PIA,3.0,92.499,MEDIUM,3.0,1.0,29.356,37.593,25.55,2023,British Grand Prix,10
PIA,4.0,92.581,MEDIUM,4.0,1.0,29.344,37.635,25.602,2023,British Grand Prix,10
PIA,5.0,93.461,MEDIUM,5.0,1.0,29.602,37.893,25.966,2023,British Grand Prix,10
PIA,6.0,93.008,MEDIUM,6.0,1.0,29.595,37.671,25.742,2023,British Grand Prix,10
PIA,7.0,93.29,MEDIUM,7.0,1.0,29.724,37.765,25.801,2023,British Grand Prix,10
PIA,8.0,93.233,MEDIUM,8.0,1.0,29.64,37.784,25.809,2023,British Grand Prix,10
PIA,9.0,92.79,MEDIUM,9.0,1.0,29.631,37.572,25.587,2023,British Grand Prix,10
PIA,10.0,93.379,MEDIUM,10.0,1.0,29.625,37.789,25.965,2023,British Grand Prix,10
PIA,11.0,92.976,MEDIUM,11.0,1.0,29.632,37.552,25.792,2023,British Grand Prix,10
PIA,12.0,93.464,MEDIUM,12.0,1.0,29.965,37.446,26.053,2023,British Grand Prix,10
PIA,13.0,93.144,MEDIUM,13.0,1.0,29.818,37.33,25.996,2023,British Grand Prix,10
PIA,14.0,93.603,MEDIUM,14.0,1.0,30.266,37.378,25.959,2023,British Grand Prix,10
PIA,15.0,93.267,MEDIUM,15.0,1.0,30.086,37.311,25.87,2023,British Grand Prix,10
PIA,16.0,93.005,MEDIUM,16.0,1.0,29.927,37.276,25.802,2023,British Grand Prix,10
PIA,17.0,92.775,MEDIUM,17.0,1.0,29.857,37.159,25.759,2023,British Grand Prix,10
PIA,18.0,93.019,MEDIUM,18.0,1.0,29.992,37.231,25.796,2023,British Grand Prix,10
PIA,19.0,92.88,MEDIUM,19.0,1.0,30.074,37.18,25.626,2023,British Grand Prix,10
PIA,20.0,92.66,MEDIUM,20.0,1.0,29.79,37.239,25.631,2023,British Grand Prix,10
PIA,21.0,92.749,MEDIUM,21.0,1.0,29.861,37.222,25.666,2023,British Grand Prix,10
PIA,22.0,92.537,MEDIUM,22.0,1.0,29.838,37.067,25.632,2023,British Grand Prix,10
PIA,23.0,92.732,MEDIUM,23.0,1.0,29.864,37.221,25.647,2023,British Grand Prix,10
PIA,24.0,92.676,MEDIUM,24.0,1.0,30.04,37.138,25.498,2023,British Grand Prix,10
PIA,25.0,92.809,MEDIUM,25.0,1.0,30.094,37.157,25.558,2023,British Grand Prix,10
PIA,26.0,93.052,MEDIUM,26.0,1.0,29.914,37.402,25.736,2023,British Grand Prix,10
PIA,27.0,92.844,MEDIUM,27.0,1.0,29.936,37.305,25.603,2023,British Grand Prix,10
PIA,28.0,93.19,MEDIUM,28.0,1.0,30.085,37.378,25.727,2023,British Grand Prix,10
PIA,29.0,92.563,MEDIUM,29.0,1.0,29.939,37.39,25.234,2023,British Grand Prix,10
PIA,31.0,91.68,HARD,2.0,2.0,29.485,37.273,24.922,2023,British Grand Prix,10
PIA,32.0,99.41,HARD,3.0,2.0,29.584,36.908,32.918,2023,British Grand Prix,10
PIA,39.0,91.646,HARD,10.0,2.0,29.356,36.926,25.364,2023,British Grand Prix,10
PIA,40.0,91.475,HARD,11.0,2.0,29.284,36.811,25.38,2023,British Grand Prix,10
PIA,41.0,90.85,HARD,12.0,2.0,29.043,36.68,25.127,2023,British Grand Prix,10
PIA,42.0,91.178,HARD,13.0,2.0,29.221,36.82,25.137,2023,British Grand Prix,10
PIA,43.0,91.011,HARD,14.0,2.0,29.264,36.603,25.144,2023,British Grand Prix,10
PIA,44.0,91.465,HARD,15.0,2.0,29.294,36.911,25.26,2023,British Grand Prix,10
PIA,45.0,91.406,HARD,16.0,2.0,29.352,36.8,25.254,2023,British Grand Prix,10
PIA,46.0,91.496,HARD,17.0,2.0,29.211,36.867,25.418,2023,British Grand Prix,10
PIA,47.0,91.427,HARD,18.0,2.0,29.187,36.888,25.352,2023,British Grand Prix,10
PIA,48.0,91.159,HARD,19.0,2.0,29.228,36.655,25.276,2023,British Grand Prix,10
PIA,49.0,91.422,HARD,20.0,2.0,29.203,36.86,25.359,2023,British Grand Prix,10
PIA,50.0,91.752,HARD,21.0,2.0,29.431,36.833,25.488,2023,British Grand Prix,10
PIA,51.0,91.305,HARD,22.0,2.0,29.211,36.743,25.351,2023,British Grand Prix,10
PIA,52.0,90.941,HARD,23.0,2.0,29.092,36.59,25.259,2023,British Grand Prix,10
